lifecycle,key,contract_address,deployer_address,suggested_public_name_tag,category,contract_name,website,source_code_url,description
current,MAIN,0x6786491Ffc82d80E3ee627aFE81cc7168FF00De4,0x8fa5c9545b2eef1ca3c6533951c286e05928f27b,BiggiEyes: Originals VRF,NFT,BiggiEyesMain,https://biggieyes.com,https://polygonscan.com/address/0x6786491Ffc82d80E3ee627aFE81cc7168FF00De4#code,Official BIGGI Polygon mainnet contract. Source code is verified on PolygonScan; role and lifecycle are documented in the public deployment manifest.
current,MAIN2,0xe56cC0657A89daf10994204eD745985a61b0E36F,0x8fa5c9545b2eef1ca3c6533951c286e05928f27b,BiggiEyes: Originals Public,NFT,BiggiEyesMain2,https://biggieyes.com,https://polygonscan.com/address/0xe56cC0657A89daf10994204eD745985a61b0E36F#code,Official BIGGI Polygon mainnet contract. Source code is verified on PolygonScan; role and lifecycle are documented in the public deployment manifest.
current,TICKET_HUB,0x7b7e561173f498C8274b821090Da64E8ee653f6A,0x8fa5c9545b2eef1ca3c6533951c286e05928f27b,BiggiEyes: Ticket Hub,NFT,BiggiTicketHub,https://biggieyes.com,https://polygonscan.com/address/0x7b7e561173f498C8274b821090Da64E8ee653f6A#code,Official BIGGI Polygon mainnet contract. Source code is verified on PolygonScan; role and lifecycle are documented in the public deployment manifest.
current,VRF_ROUTER,0x1386d42C11dA3D6cd08C4B7141A7cE67A082da9F,0x8fa5c9545b2eef1ca3c6533951c286e05928f27b,BiggiEyes: VRF Router,Oracle,BiggiVRFRouter,https://biggieyes.com,https://polygonscan.com/address/0x1386d42C11dA3D6cd08C4B7141A7cE67A082da9F#code,Official BIGGI Polygon mainnet contract. Source code is verified on PolygonScan; role and lifecycle are documented in the public deployment manifest.
current,COMPUTE,0x0A09261631496B4aad9A5c2A82b62666249d773f,0x8fa5c9545b2eef1ca3c6533951c286e05928f27b,BiggiEyes: Compute,DeFi,BiggiCompute,https://biggieyes.com,https://polygonscan.com/address/0x0A09261631496B4aad9A5c2A82b62666249d773f#code,Official BIGGI Polygon mainnet contract. Source code is verified on PolygonScan; role and lifecycle are documented in the public deployment manifest.
current,REGISTRY,0x09f3728e8607e1B951A6396DcEE4EC134C5e4058,0x8fa5c9545b2eef1ca3c6533951c286e05928f27b,BiggiEyes: Series Registry,NFT,BiggiSeriesRegistry,https://biggieyes.com,https://polygonscan.com/address/0x09f3728e8607e1B951A6396DcEE4EC134C5e4058#code,Official BIGGI Polygon mainnet contract. Source code is verified on PolygonScan; role and lifecycle are documented in the public deployment manifest.
current,CHAPTER_CONTROLLER,0x9c084D89c0CB6c8424652d1fa82E83aD9c098288,0x8fa5c9545b2eef1ca3c6533951c286e05928f27b,BiggiEyes: Chapter Controller,NFT,BiggiChapterController,https://biggieyes.com,https://polygonscan.com/address/0x9c084D89c0CB6c8424652d1fa82E83aD9c098288#code,Official BIGGI Polygon mainnet contract. Source code is verified on PolygonScan; role and lifecycle are documented in the public deployment manifest.
current,COLLECTION_REWARDS,0xDfD29350EA1237D39Ff2F2453cE496eE2eba7F43,0x8fa5c9545b2eef1ca3c6533951c286e05928f27b,BiggiEyes: Collection Rewards,NFT,BiggiCollectionRewards,https://biggieyes.com,https://polygonscan.com/address/0xDfD29350EA1237D39Ff2F2453cE496eE2eba7F43#code,Official BIGGI Polygon mainnet contract. Source code is verified on PolygonScan; role and lifecycle are documented in the public deployment manifest.
current,NFT_REWARDS,0xd1cefDf3b4ce4c174291F8eB0729980c50D293b9,0x8fa5c9545b2eef1ca3c6533951c286e05928f27b,BiggiEyes: NFT Rewards V2,NFT,BiggiNFTRewardsV2,https://biggieyes.com,https://polygonscan.com/address/0xd1cefDf3b4ce4c174291F8eB0729980c50D293b9#code,Official BIGGI Polygon mainnet contract. Source code is verified on PolygonScan; role and lifecycle are documented in the public deployment manifest.
current,MAIN_READER,0xde05be77024eABf37E4eA4fbBD58F161081be2f3,0x8fa5c9545b2eef1ca3c6533951c286e05928f27b,BiggiEyes: Main Reader,NFT,BiggiMainReader,https://biggieyes.com,https://polygonscan.com/address/0xde05be77024eABf37E4eA4fbBD58F161081be2f3#code,Official BIGGI Polygon mainnet contract. Source code is verified on PolygonScan; role and lifecycle are documented in the public deployment manifest.
current,MULTI_COLLECTION_READER,0xa65B4e88E37F085B9009295eA0AcF05e18a82884,0x8fa5c9545b2eef1ca3c6533951c286e05928f27b,BiggiEyes: Collections Reader,DeFi,BiggiMultiCollectionDistributorReaderV2,https://biggieyes.com,https://polygonscan.com/address/0xa65B4e88E37F085B9009295eA0AcF05e18a82884#code,Official BIGGI Polygon mainnet contract. Source code is verified on PolygonScan; role and lifecycle are documented in the public deployment manifest.
current,CHAPTER_SERIES_READER,0x421c8ed70fC893517481315aC62f4c95331e647f,0x8fa5c9545b2eef1ca3c6533951c286e05928f27b,BiggiEyes: Chapters Reader,NFT,BiggiChapterSeriesReader,https://biggieyes.com,https://polygonscan.com/address/0x421c8ed70fC893517481315aC62f4c95331e647f#code,Official BIGGI Polygon mainnet contract. Source code is verified on PolygonScan; role and lifecycle are documented in the public deployment manifest.
current,NFT_REWARDS_READER,0x789873e6b1d944b207D2E76a71D95135be4e33c6,0x8fa5c9545b2eef1ca3c6533951c286e05928f27b,BiggiEyes: NFT Rewards V2 Reader,NFT,BiggiNftRewardsReader,https://biggieyes.com,https://polygonscan.com/address/0x789873e6b1d944b207D2E76a71D95135be4e33c6#code,Official BIGGI Polygon mainnet contract. Source code is verified on PolygonScan; role and lifecycle are documented in the public deployment manifest.
current,DISTRIBUTOR,0xCE892698159D8D799D5eF7f0dF0111487511fD22,0x8fa5c9545b2eef1ca3c6533951c286e05928f27b,BiggiEyes: Mint Distributor,DeFi,BiggiMultiCollectionDistributor,https://biggieyes.com,https://polygonscan.com/address/0xCE892698159D8D799D5eF7f0dF0111487511fD22#code,Official BIGGI Polygon mainnet contract. Source code is verified on PolygonScan; role and lifecycle are documented in the public deployment manifest.
current,BIGGI_TOKEN,0xD73152845Bc5a9b8253ea0100BB10388CC5c0EeD,0x8fa5c9545b2eef1ca3c6533951c286e05928f27b,BiggiEyes: BIGGI Token,DeFi,BiggiToken,https://biggieyes.com,https://polygonscan.com/address/0xD73152845Bc5a9b8253ea0100BB10388CC5c0EeD#code,Official BIGGI Polygon mainnet contract. Source code is verified on PolygonScan; role and lifecycle are documented in the public deployment manifest.
current,TOKEN_REWARDS,0xA455775BBe0BC863f644516147b95Ef5103b29FA,0x8fa5c9545b2eef1ca3c6533951c286e05928f27b,BiggiEyes: Token Rewards,DeFi,BiggiTokenRewards,https://biggieyes.com,https://polygonscan.com/address/0xA455775BBe0BC863f644516147b95Ef5103b29FA#code,Official BIGGI Polygon mainnet contract. Source code is verified on PolygonScan; role and lifecycle are documented in the public deployment manifest.
current,TOKEN_REWARDS_EMISSION_CONTROLLER,0xA7B71DFEBF89481b37d803dD0765E3612f29Ffb9,0x8fa5c9545b2eef1ca3c6533951c286e05928f27b,BiggiEyes: Rewards Emission,DeFi,BiggiTokenRewardsEmissionController,https://biggieyes.com,https://polygonscan.com/address/0xA7B71DFEBF89481b37d803dD0765E3612f29Ffb9#code,Official BIGGI Polygon mainnet contract. Source code is verified on PolygonScan; role and lifecycle are documented in the public deployment manifest.
current,MASTER_CONFIG,0x4125DA806c7B0AaD6c443b7BD368e45ed123687C,0x8fa5c9545b2eef1ca3c6533951c286e05928f27b,BiggiEyes: Master Config,DeFi,BiggiMasterTokenomicsConfig,https://biggieyes.com,https://polygonscan.com/address/0x4125DA806c7B0AaD6c443b7BD368e45ed123687C#code,Official BIGGI Polygon mainnet contract. Source code is verified on PolygonScan; role and lifecycle are documented in the public deployment manifest.
current,COMMUNITY_CENTER,0x81C6E90a991d7D210c43B00B7EB1a5450cc372Ae,0x8fa5c9545b2eef1ca3c6533951c286e05928f27b,BiggiEyes: Community Center,DeFi,BiggiCommunityCenter,https://biggieyes.com,https://polygonscan.com/address/0x81C6E90a991d7D210c43B00B7EB1a5450cc372Ae#code,Official BIGGI Polygon mainnet contract. Source code is verified on PolygonScan; role and lifecycle are documented in the public deployment manifest.
current,RESERVE_TREASURY_READER,0xb379bB928f3B683528C209C28A95F4D2854EC407,0x8fa5c9545b2eef1ca3c6533951c286e05928f27b,BiggiEyes: Reserve Reader,DeFi,BiggiReserveTreasuryReader,https://biggieyes.com,https://polygonscan.com/address/0xb379bB928f3B683528C209C28A95F4D2854EC407#code,Official BIGGI Polygon mainnet contract. Source code is verified on PolygonScan; role and lifecycle are documented in the public deployment manifest.
current,BUYBACK_READER,0x8eD6c94e5Fb336096E6C28480f3C514c9bddFa89,0x8fa5c9545b2eef1ca3c6533951c286e05928f27b,BiggiEyes: Buyback Reader,DeFi,BiggiBuybackReader,https://biggieyes.com,https://polygonscan.com/address/0x8eD6c94e5Fb336096E6C28480f3C514c9bddFa89#code,Official BIGGI Polygon mainnet contract. Source code is verified on PolygonScan; role and lifecycle are documented in the public deployment manifest.
current,TOKEN_REWARDS_READER,0xB558137Ce8a2e065de09f7ef7cF24911E49A9972,0x8fa5c9545b2eef1ca3c6533951c286e05928f27b,BiggiEyes: Rewards Reader,DeFi,BiggiTokenRewardsReader,https://biggieyes.com,https://polygonscan.com/address/0xB558137Ce8a2e065de09f7ef7cF24911E49A9972#code,Official BIGGI Polygon mainnet contract. Source code is verified on PolygonScan; role and lifecycle are documented in the public deployment manifest.
current,TOKENOMICS_SYSTEM_ADDON_READER,0x28D73361F9E7778362cac9fEBe1c8E0a2B1121ea,0x8fa5c9545b2eef1ca3c6533951c286e05928f27b,BiggiEyes: System Addon Reader,DeFi,BiggiTokenomicsSystemAddonReader,https://biggieyes.com,https://polygonscan.com/address/0x28D73361F9E7778362cac9fEBe1c8E0a2B1121ea#code,Official BIGGI Polygon mainnet contract. Source code is verified on PolygonScan; role and lifecycle are documented in the public deployment manifest.
current,MODERATOR_CENTER_V2,0x82Ad5a0f379CCA21AC2979E88AC24db94e670bD8,0x8fa5c9545b2eef1ca3c6533951c286e05928f27b,BiggiEyes: Moderator V2,DeFi,ModeratorCenterV2,https://biggieyes.com,https://polygonscan.com/address/0x82Ad5a0f379CCA21AC2979E88AC24db94e670bD8#code,Official BIGGI Polygon mainnet contract. Source code is verified on PolygonScan; role and lifecycle are documented in the public deployment manifest.
current,DRIP_LM_V2,0x1d2B3d3224dE553ff3138caeA45d162c62305d1A,0x8fa5c9545b2eef1ca3c6533951c286e05928f27b,BiggiEyes: Drip LM V2,DeFi,BiggiDripLMToModeratorV2,https://biggieyes.com,https://polygonscan.com/address/0x1d2B3d3224dE553ff3138caeA45d162c62305d1A#code,Official BIGGI Polygon mainnet contract. Source code is verified on PolygonScan; role and lifecycle are documented in the public deployment manifest.
current,CRE_AUTOMATION_RECEIVER,0xF1a21E04DA73580eD2D1311412e3639C40D47Fe6,0x402ce2ff958ab47edafc42296d2682cc8f9d92b2,BiggiEyes: CRE Receiver,Oracle,BiggiCREAutomationReceiver,https://biggieyes.com,https://polygonscan.com/address/0xF1a21E04DA73580eD2D1311412e3639C40D47Fe6#code,Official BIGGI Polygon mainnet contract. Source code is verified on PolygonScan; role and lifecycle are documented in the public deployment manifest.
deprecated,OLD_COLLECTION_REWARDS,0x5d1273070c9133381C570009768621762F024FB8,0x8fa5c9545b2eef1ca3c6533951c286e05928f27b,BiggiEyes: Deprecated Rewards,NFT,BiggiCollectionRewards,https://biggieyes.com,https://polygonscan.com/address/0x5d1273070c9133381C570009768621762F024FB8#code,Official BIGGI Polygon mainnet contract. Source code is verified on PolygonScan; role and lifecycle are documented in the public deployment manifest.
deprecated,OLD_MAIN_READER,0x4937CdcF1668255Cb46c78E19547ea96C94391Ef,0x8fa5c9545b2eef1ca3c6533951c286e05928f27b,BiggiEyes: Deprecated Main Reader,NFT,BiggiMainReader,https://biggieyes.com,https://polygonscan.com/address/0x4937CdcF1668255Cb46c78E19547ea96C94391Ef#code,Official BIGGI Polygon mainnet contract. Source code is verified on PolygonScan; role and lifecycle are documented in the public deployment manifest.
